{
  "EMR": 0.6586538461538461,
  "B2CR": 0.8035714285714286,
  "EMR_denom": 208,
  "B2CR_denom": 56
}