emr,b2cr,interception,spearman
0.3473282442748092,0.5342465753424658,0.5714285714285714,0.9524819180627193
