z_threshold,p_threshold,interception_amei,interception_cbr,interception_cbp
-1.0,0.15,0.8461538461538461,0.46153846153846156,0.3076923076923077
