method,spearman_mean
AMEI,0.9538411002413629
CBR,0.9043906473017692
CBP,0.8250219565700873
