method,js_emr_rule_a,js_emr_rule_b,js_emr_rule_c
AMEI,0.375,0.375,0.3392857142857143
CBR,0.39285714285714285,0.39285714285714285,0.35714285714285715
CBP,0.39285714285714285,0.39285714285714285,0.375
