alpha_pop,beta,lambda_smooth,rho_pop,kappa_rank,EMR,B2CR,std_EMR,std_B2CR,score
0.4,1.2,0.7,0.3,0.5,0.6634615384615384,0.8392857142857143,0.22906891767742793,0.11009779618493873,0.7174569549873897
0.6,1.2,0.5,0.3,0.4,0.6682692307692307,0.8035714285714286,0.20886692489509595,0.10584751899001042,0.7044488852818189
0.4,1.2,0.7,0.3,0.4,0.6538461538461539,0.8214285714285714,0.22372920445914024,0.10915385303994303,0.7043490568874544
0.8,0.8,0.5,0.2,0.4,0.6682692307692307,0.8035714285714286,0.2126272006265483,0.10584751899001042,0.7040728577086737
0.4,0.8,0.3,0.3,0.5,0.6682692307692307,0.8035714285714286,0.23295690039902364,0.10584751899001042,0.7020398877314262
