effect,mean_diff,hdi_lower,hdi_upper
age_z+1sd,-0.02179579528299629,-0.02607762161684178,-0.01762042500464689
week_z+1sd,0.02615593625648536,0.021790824939347447,0.03059233202674619
