uncertainty_bin,flip_rate,weeks,mean,median
low,0.22321428571428573,112,1.6,2.0
mid,0.3783783783783784,111,3.1904761904761907,3.0
high,0.16071428571428573,112,2.888888888888889,3.0
