{
  "EMR": 0.6634615384615384,
  "B2CR": 0.8392857142857143,
  "EMR_denom": 208,
  "B2CR_denom": 56
}