{
  "EMR": 0.6298076923076923,
  "B2CR": 0.8928571428571429,
  "EMR_denom": 208,
  "B2CR_denom": 56
}